statistic,value
min,1.6272184007303625
q1,9.698434716192502
median,11.668541674017268
q3,13.768734410489987
max,120.0
range,118.37278159926964
